scenario,scenario_label,runs,mean_final_share,p10_final_share,median_final_share,p90_final_share,mean_final_total_pop,mean_final_muslim_pop,mean_final_non_muslim_pop,share_runs_ge_50,share_runs_ge_75,share_runs_ge_95,median_first_step_ge_0_5,median_first_step_ge_0_75,median_first_step_ge_0_95
baseline_120y,Baseline calibrated,200,0.5837253757292489,0.5195237784245136,0.5868863049095607,0.6476692755775502,813.84,477.385,336.455,0.94,0.0,0.0,99.0,,
high_inflow_share_120y,High Muslim inflow share (70%),200,0.6617694661597159,0.5999730686404134,0.6653213000743704,0.71834938985228,887.835,589.4,298.435,1.0,0.03,0.0,85.0,112.5,
no_migration_120y,No migration counterfactual,200,0.3931266256606929,0.26026467488997707,0.3957587954680978,0.5228216486200735,453.2,182.67,270.53,0.16,0.0,0.0,113.0,,
