scenario,scenario_label,median_share_2026,p10_share_2026,p90_share_2026,median_pop_2026,median_share_2035,p10_share_2035,p90_share_2035,median_pop_2035,median_share_2050,p10_share_2050,p90_share_2050,median_pop_2050,median_share_2056,p10_share_2056,p90_share_2056,median_pop_2056,mean_final_share,p10_final_share,p90_final_share,mean_final_total_pop,share_runs_ge_50,share_runs_ge_75,share_runs_ge_95
baseline_30y,Baseline calibrated,0.0985074626865671,0.08343283582089552,0.11208955223880587,670.0,0.12463663028070104,0.10343779478042128,0.14401045447945401,663.0,0.17119445085149726,0.14508256214843038,0.1970858416945373,669.0,0.19001171327155894,0.16422666750804568,0.22046010768477725,667.5,0.1922941697402378,0.16422666750804568,0.22046010768477725,667.405,0.0,0.0,0.0
high_inflow_share_30y,High Muslim inflow share (70%),0.1,0.0835820895522388,0.1134328358208955,670.0,0.13439756395764604,0.11639691451001863,0.15075717833847865,664.0,0.19668998048145736,0.17389334033889395,0.22302044442261082,672.0,0.22338095977636274,0.19799525727779646,0.25433859970975603,671.0,0.22490809487080873,0.19799525727779646,0.25433859970975603,669.185,0.0,0.0,0.0
no_migration_30y,No migration counterfactual,0.1014925373134328,0.0865671641791044,0.11507462686567156,670.0,0.1063234165318048,0.08985610245223934,0.12653763605014545,649.0,0.11727717453068975,0.09424129818157831,0.1416779788838612,620.0,0.1218893153398539,0.09699927658548345,0.1485235061967735,603.5,0.12258079689553208,0.09699927658548345,0.1485235061967735,606.085,0.0,0.0,0.0
