scenario,scenario_label,median_share_2026,p10_share_2026,p90_share_2026,median_pop_2026,median_share_2050,p10_share_2050,p90_share_2050,median_pop_2050,median_share_2100,p10_share_2100,p90_share_2100,median_pop_2100,median_share_2146,p10_share_2146,p90_share_2146,median_pop_2146,mean_final_share,p10_final_share,p90_final_share,mean_final_total_pop,share_runs_ge_50,share_runs_ge_75,share_runs_ge_95
baseline_120y,Baseline calibrated,0.1,0.0850746268656716,0.1149253731343283,670.0,0.17638344226579517,0.15135978745959244,0.20114999200177053,669.5,0.38529326753463145,0.31920164284803465,0.4452965312548609,685.0,0.5868863049095607,0.5195237784245136,0.6476692755775502,814.0,0.5837253757292489,0.5195237784245136,0.6476692755775502,813.84,0.94,0.0,0.0
high_inflow_share_120y,High Muslim inflow share (70%),0.1,0.0850746268656716,0.117910447761194,670.0,0.19907691871401964,0.17110458899278772,0.2257387180319399,675.0,0.4467328470687933,0.3914455329776853,0.51082268346105,717.5,0.6653213000743704,0.5999730686404134,0.71834938985228,888.5,0.6617694661597159,0.5999730686404134,0.71834938985228,887.835,1.0,0.03,0.0
no_migration_120y,No migration counterfactual,0.1,0.0850746268656716,0.1134328358208955,670.0,0.11517466455392575,0.09482251123802207,0.1387803812149124,621.5,0.22013035315787605,0.1396442145078285,0.28461979077689903,500.0,0.3957587954680978,0.26026467488997707,0.5228216486200735,442.5,0.3931266256606929,0.26026467488997707,0.5228216486200735,453.2,0.16,0.0,0.0
